{
  "models": [
    {
      "model": "Logistic Regression",
      "accuracy": 0.6707,
      "f1_weighted": 0.6327,
      "precision_weighted": 0.6118,
      "recall_weighted": 0.6707,
      "confusion_matrix": [
        [
          153,
          0,
          259
        ],
        [
          25,
          0,
          59
        ],
        [
          118,
          0,
          786
        ]
      ],
      "classification_report": {
        "Churned": {
          "precision": 0.5168918918918919,
          "recall": 0.3713592233009709,
          "f1-score": 0.4322033898305085,
          "support": 412.0
        },
        "Joined": {
          "precision": 0.0,
          "recall": 0.0,
          "f1-score": 0.0,
          "support": 84.0
        },
        "Stayed": {
          "precision": 0.7119565217391305,
          "recall": 0.8694690265486725,
          "f1-score": 0.7828685258964143,
          "support": 904.0
        },
        "accuracy": 0.6707142857142857,
        "macro avg": {
          "precision": 0.4096161378770075,
          "recall": 0.4136094166165478,
          "f1-score": 0.40502397190897427,
          "support": 1400.0
        },
        "weighted avg": {
          "precision": 0.6118343965083096,
          "recall": 0.6707142857142857,
          "f1-score": 0.6327006743003771,
          "support": 1400.0
        }
      },
      "cv_mean": 0.6795,
      "cv_std": 0.0068
    },
    {
      "model": "Gradient Boosting",
      "accuracy": 0.6507,
      "f1_weighted": 0.6298,
      "precision_weighted": 0.6258,
      "recall_weighted": 0.6507,
      "confusion_matrix": [
        [
          166,
          6,
          240
        ],
        [
          26,
          8,
          50
        ],
        [
          161,
          6,
          737
        ]
      ],
      "classification_report": {
        "Churned": {
          "precision": 0.4702549575070821,
          "recall": 0.4029126213592233,
          "f1-score": 0.4339869281045752,
          "support": 412.0
        },
        "Joined": {
          "precision": 0.4,
          "recall": 0.09523809523809523,
          "f1-score": 0.15384615384615385,
          "support": 84.0
        },
        "Stayed": {
          "precision": 0.7176241480038948,
          "recall": 0.8152654867256637,
          "f1-score": 0.7633350595546349,
          "support": 904.0
        },
        "accuracy": 0.6507142857142857,
        "macro avg": {
          "precision": 0.5292930351703257,
          "recall": 0.4378054011076607,
          "f1-score": 0.45038938050178795,
          "support": 1400.0
        },
        "weighted avg": {
          "precision": 0.6257694802060277,
          "recall": 0.6507142857142857,
          "f1-score": 0.62984327509968,
          "support": 1400.0
        }
      },
      "cv_mean": 0.6648,
      "cv_std": 0.0131
    }
  ],
  "final_model": "Logistic Regression",
  "feature_names": [
    "Gender",
    "Age",
    "Married",
    "Number of Dependents",
    "City",
    "Number of Referrals",
    "Tenure in Months",
    "Offer",
    "Phone Service",
    "Avg Monthly Long Distance Charges",
    "Multiple Lines",
    "Internet Service",
    "Internet Type",
    "Avg Monthly GB Download",
    "Online Security",
    "Online Backup",
    "Device Protection Plan",
    "Premium Tech Support",
    "Streaming TV",
    "Streaming Movies",
    "Streaming Music",
    "Unlimited Data",
    "Contract",
    "Paperless Billing",
    "Payment Method",
    "Monthly Charge",
    "Total Charges",
    "Total Extra Data Charges",
    "Total Long Distance Charges",
    "Total Revenue",
    "Service_Diversity",
    "Avg_Revenue_Per_Tenure",
    "Is_High_Value"
  ],
  "train_size": 5600,
  "test_size": 1400
}